LCS 2020 Summer - 100 vs EG,2020-06-12,21:00
LCS 2020 Summer - FLY vs C9,2020-06-12,22:00
LCS 2020 Summer - EG vs CLG,2020-06-13,16:00
LCS 2020 Summer - TSM vs TL,2020-06-13,17:00
LCS 2020 Summer - IMT vs FLY,2020-06-13,18:00
LCS 2020 Summer - GG vs DIG,2020-06-13,19:00
LCS 2020 Summer - C9 vs 100,2020-06-14,16:00
LCS 2020 Summer - DIG vs TSM,2020-06-14,17:00
LCS 2020 Summer - TL vs GG,2020-06-14,18:00
LCS 2020 Summer - CLG vs IMT,2020-06-14,19:00
LCS 2020 Summer - GG vs CLG,2020-06-19,21:00
LCS 2020 Summer - IMT vs TSM,2020-06-19,22:00
LCS 2020 Summer - 100 vs TL,2020-06-20,16:00
LCS 2020 Summer - FLY vs TSM,2020-06-20,17:00
LCS 2020 Summer - C9 vs EG,2020-06-20,18:00
LCS 2020 Summer - CLG vs DIG,2020-06-20,19:00
LCS 2020 Summer - TL vs EG,2020-06-21,16:00
LCS 2020 Summer - FLY vs DIG,2020-06-21,17:00
LCS 2020 Summer - GG vs C9,2020-06-21,18:00
LCS 2020 Summer - 100 vs IMT,2020-06-21,19:00
LCS 2020 Summer - FLY vs CLG,2020-06-26,21:00
LCS 2020 Summer - TL vs C9,2020-06-26,22:00
LCS 2020 Summer - 100 vs CLG,2020-06-27,16:00
LCS 2020 Summer - TSM vs EG,2020-06-27,17:00
LCS 2020 Summer - TL vs DIG,2020-06-27,18:00
LCS 2020 Summer - GG vs IMT,2020-06-27,19:00
LCS 2020 Summer - 100 vs TSM,2020-06-28,16:00
LCS 2020 Summer - IMT vs C9,2020-06-28,17:00
LCS 2020 Summer - GG vs FLY,2020-06-28,18:00
LCS 2020 Summer - DIG vs EG,2020-06-28,19:00
LCS 2020 Summer - 100 vs GG,2020-07-03,21:00
LCS 2020 Summer - CLG vs C9,2020-07-03,22:00
LCS 2020 Summer - GG vs TSM,2020-07-04,16:00
LCS 2020 Summer - 100 vs DIG,2020-07-04,17:00
LCS 2020 Summer - FLY vs EG,2020-07-04,18:00
LCS 2020 Summer - TL vs IMT,2020-07-04,19:00
LCS 2020 Summer - DIG vs C9,2020-07-05,16:00
LCS 2020 Summer - FLY vs TL,2020-07-05,17:00
LCS 2020 Summer - CLG vs TSM,2020-07-05,18:00
LCS 2020 Summer - IMT vs EG,2020-07-05,19:00
LCS 2020 Summer - DIG vs IMT,2020-07-10,21:00
LCS 2020 Summer - 100 vs FLY,2020-07-10,22:00
LCS 2020 Summer - C9 vs TSM,2020-07-11,16:00
LCS 2020 Summer - GG vs EG,2020-07-11,17:00
LCS 2020 Summer - TL vs CLG,2020-07-11,18:00
LCS 2020 Summer - FLY vs DIG,2020-07-11,19:00
LCS 2020 Summer - IMT vs TSM,2020-07-12,16:00
LCS 2020 Summer - 100 vs C9,2020-07-12,17:00
LCS 2020 Summer - GG vs TL,2020-07-12,18:00
LCS 2020 Summer - CLG vs EG,2020-07-12,19:00
LCS 2020 Summer - 100 vs TSM,2020-07-17,21:00
LCS 2020 Summer - TL vs EG,2020-07-17,22:00
LCS 2020 Summer - FLY vs TSM,2020-07-18,16:00
LCS 2020 Summer - C9 vs EG,2020-07-18,17:00
LCS 2020 Summer - GG vs IMT,2020-07-18,18:00
LCS 2020 Summer - CLG vs DIG,2020-07-18,19:00
LCS 2020 Summer - FLY vs C9,2020-07-19,16:00
LCS 2020 Summer - 100 vs TL,2020-07-19,17:00
LCS 2020 Summer - GG vs DIG,2020-07-19,18:00
LCS 2020 Summer - CLG vs IMT,2020-07-19,19:00
LCS 2020 Summer - IMT vs EG,2020-07-24,21:00
LCS 2020 Summer - FLY vs TL,2020-07-24,22:00
LCS 2020 Summer - DIG vs TSM,2020-07-25,16:00
LCS 2020 Summer - GG vs FLY,2020-07-25,17:00
LCS 2020 Summer - IMT vs C9,2020-07-25,18:00
LCS 2020 Summer - 100 vs CLG,2020-07-25,19:00
LCS 2020 Summer - TL vs C9,2020-07-26,16:00
LCS 2020 Summer - DIG vs EG,2020-07-26,17:00
LCS 2020 Summer - CLG vs TSM,2020-07-26,18:00
LCS 2020 Summer - 100 vs GG,2020-07-26,19:00
LCS 2020 Summer - TL vs DIG,2020-07-31,21:00
LCS 2020 Summer - TSM vs EG,2020-07-31,22:00
LCS 2020 Summer - 100 vs FLY,2020-08-01,16:00
LCS 2020 Summer - GG vs C9,2020-08-01,17:00
LCS 2020 Summer - TL vs CLG,2020-08-01,18:00
LCS 2020 Summer - DIG vs IMT,2020-08-01,19:00
LCS 2020 Summer - C9 vs TSM,2020-08-02,16:00
LCS 2020 Summer - 100 vs IMT,2020-08-02,17:00
LCS 2020 Summer - FLY vs EG,2020-08-02,18:00
LCS 2020 Summer - GG vs CLG,2020-08-02,19:00
LCS 2020 Summer - DIG vs C9,2020-08-07,21:00
LCS 2020 Summer - GG vs TSM,2020-08-07,22:00
LCS 2020 Summer - TL vs IMT,2020-08-08,16:00
LCS 2020 Summer - GG vs EG,2020-08-08,17:00
LCS 2020 Summer - FLY vs CLG,2020-08-08,18:00
LCS 2020 Summer - 100 vs DIG,2020-08-08,19:00
LCS 2020 Summer - CLG vs C9,2020-08-09,16:00
LCS 2020 Summer - 100 vs EG,2020-08-09,17:00
LCS 2020 Summer - TL vs TSM,2020-08-09,18:00
LCS 2020 Summer - FLY vs IMT,2020-08-09,19:00